Model,Category,Difficulty,Complexity,Overall Score,Pros,Cons,Frameworks,General Use Case
GPT-4,Text Generation,Hard,High,9.8,Highly advanced and versatile for text tasks,Requires high computational power,OpenAI API,"Chatbots, Content Creation, Code Generation"
GPT-3.5,Text Generation,Hard,High,9.6,Strong for conversational AI and text generation,Inferior to GPT-4 in reasoning,OpenAI API,"Chatbots, Summarization, Writing Assistance"
GPT-2,Text Generation,Medium,High,9.0,Good for offline text generation tasks,Less coherent than newer models,"Hugging Face, TensorFlow, PyTorch","Story Generation, Automated Writing"
DALL·E 3,Image Generation,Hard,High,9.7,Highly realistic AI-generated images,Requires powerful GPUs,OpenAI API,"Art Generation, Marketing, Concept Design"
Stable Diffusion,Image Generation,Medium,High,9.5,"Open-source, runs on consumer GPUs",Less detailed than DALL·E 3,"Hugging Face, TensorFlow, PyTorch","AI Art, Creative Design"
BigGAN,Image Generation,Hard,High,9.4,High-quality and diverse image generation,Computationally expensive,"TensorFlow, PyTorch","AI Art, Synthetic Data Generation"
Runway Gen-2,Video Generation,Hard,High,9.5,Generates short AI-generated videos,Limited motion realism,Runway ML,"AI Video Production, Ad Content"
Sora,Video Generation,Hard,High,9.8,State-of-the-art AI-driven video synthesis,Currently not publicly available,OpenAI,"AI Animation, Visual Effects"
Whisper,Speech Recognition,Medium,High,9.6,Accurate multi-language speech-to-text,Requires fine-tuning for noisy environments,OpenAI API,"Transcription, Subtitling"
VALL-E,Speech Synthesis,Hard,High,9.5,Text-to-speech synthesis with voice cloning,Limited availability,Microsoft AI,"Personalized Assistants, Audiobook Narration"
Codex,Code Generation,Hard,High,9.7,"Powers GitHub Copilot, great for coding help",Can generate incorrect code,OpenAI API,"Software Development, Automation"
AlphaCode,Code Generation,Hard,High,9.5,Competitive programming AI,Not publicly available,DeepMind,"Algorithmic Coding, AI-assisted Development"
CLIP,Vision-Language Understanding,Hard,High,9.8,Understands images and text together,Limited fine-grained image understanding,OpenAI,"Image Captioning, Content Moderation"
Flamingo,Vision-Language Understanding,Hard,High,9.7,State-of-the-art for visual reasoning tasks,Requires huge datasets,DeepMind,"Medical AI, Visual QA"
AlphaFold,Scientific Research,Hard,High,9.9,Breakthrough in protein folding predictions,Limited to biology use cases,DeepMind,"Drug Discovery, Medical Research"
Galactica,Scientific Text Generation,Hard,High,9.2,Trained on scientific literature,Prone to hallucination,Meta AI,"Academic Writing, Research Summaries"
BloombergGPT,Financial AI,Hard,High,9.5,Optimized for financial news and analytics,Not publicly available,Bloomberg AI,"Market Analysis, Financial Forecasting"
LLaMA 3,Enterprise AI,Hard,High,9.6,More efficient than GPT models,Requires fine-tuning for tasks,Meta AI,"Customer Support, AI Chat Assistants"
ChatGPT,Conversational AI,Medium,High,9.7,Best general-purpose AI assistant,Can generate biased responses,OpenAI,"Customer Support, Virtual Assistants"
YouTube Recommender AI,Recommendation Systems,Medium,High,9.4,Highly optimized for user engagement,Opaque recommendation criteria,Google AI,"Content Discovery, Personalized Feeds"
Deepfake Detection AI,AI Security,Medium,High,9.3,Detects manipulated media and deepfakes,Struggles with novel techniques,"Hugging Face, TensorFlow",Misinformation Detection
Explainable AI (XAI),AI Ethics,Hard,High,9.6,Enhances transparency in AI decisions,Complex to implement,"IBM AI, TensorFlow","Regulatory Compliance, AI Governance"
GPT-4,Text Generation,Hard,High,9.8,Highly advanced and versatile for text tasks,Requires high computational power,OpenAI API,"Chatbots, Content Creation, Code Generation"
GPT-4,Text Generation,Hard,High,9.8,Highly advanced and versatile for text tasks,Requires high computational power,OpenAI API,"Chatbots, Content Creation, Code Generation"
GPT-4,Text Generation,Hard,High,9.8,Highly advanced and versatile for text tasks,Requires high computational power,OpenAI API,"Chatbots, Content Creation, Code Generation"
GPT-4,Text Generation,Hard,High,9.8,Highly advanced and versatile for text tasks,Requires high computational power,OpenAI API,"Chatbots, Content Creation, Code Generation"
GPT-4,Text Generation,Hard,High,9.8,Highly advanced and versatile for text tasks,Requires high computational power,OpenAI API,"Chatbots, Content Creation, Code Generation"
GPT-4,Text Generation,Hard,High,9.8,Highly advanced and versatile for text tasks,Requires high computational power,OpenAI API,"Chatbots, Content Creation, Code Generation"
GPT-4,Text Generation,Hard,High,9.8,Highly advanced and versatile for text tasks,Requires high computational power,OpenAI API,"Chatbots, Content Creation, Code Generation"
GPT-4,Text Generation,Hard,High,9.8,Highly advanced and versatile for text tasks,Requires high computational power,OpenAI API,"Chatbots, Content Creation, Code Generation"
GPT-4,Text Generation,Hard,High,9.8,Highly advanced and versatile for text tasks,Requires high computational power,OpenAI API,"Chatbots, Content Creation, Code Generation"
GPT-4,Text Generation,Hard,High,9.8,Highly advanced and versatile for text tasks,Requires high computational power,OpenAI API,"Chatbots, Content Creation, Code Generation"
GPT-4,Text Generation,Hard,High,9.8,Highly advanced and versatile for text tasks,Requires high computational power,OpenAI API,"Chatbots, Content Creation, Code Generation"
GPT-4,Text Generation,Hard,High,9.8,Highly advanced and versatile for text tasks,Requires high computational power,OpenAI API,"Chatbots, Content Creation, Code Generation"
GPT-4,Text Generation,Hard,High,9.8,Highly advanced and versatile for text tasks,Requires high computational power,OpenAI API,"Chatbots, Content Creation, Code Generation"
GPT-4,Text Generation,Hard,High,9.8,Highly advanced and versatile for text tasks,Requires high computational power,OpenAI API,"Chatbots, Content Creation, Code Generation"
GPT-4,Text Generation,Hard,High,9.8,Highly advanced and versatile for text tasks,Requires high computational power,OpenAI API,"Chatbots, Content Creation, Code Generation"
GPT-4,Text Generation,Hard,High,9.8,Highly advanced and versatile for text tasks,Requires high computational power,OpenAI API,"Chatbots, Content Creation, Code Generation"
GPT-4,Text Generation,Hard,High,9.8,Highly advanced and versatile for text tasks,Requires high computational power,OpenAI API,"Chatbots, Content Creation, Code Generation"
GPT-4,Text Generation,Hard,High,9.8,Highly advanced and versatile for text tasks,Requires high computational power,OpenAI API,"Chatbots, Content Creation, Code Generation"
GPT-4,Text Generation,Hard,High,9.8,Highly advanced and versatile for text tasks,Requires high computational power,OpenAI API,"Chatbots, Content Creation, Code Generation"
GPT-4,Text Generation,Hard,High,9.8,Highly advanced and versatile for text tasks,Requires high computational power,OpenAI API,"Chatbots, Content Creation, Code Generation"
GPT-4,Text Generation,Hard,High,9.8,Highly advanced and versatile for text tasks,Requires high computational power,OpenAI API,"Chatbots, Content Creation, Code Generation"
GPT-4,Text Generation,Hard,High,9.8,Highly advanced and versatile for text tasks,Requires high computational power,OpenAI API,"Chatbots, Content Creation, Code Generation"
GPT-4,Text Generation,Hard,High,9.8,Highly advanced and versatile for text tasks,Requires high computational power,OpenAI API,"Chatbots, Content Creation, Code Generation"
GPT-4,Text Generation,Hard,High,9.8,Highly advanced and versatile for text tasks,Requires high computational power,OpenAI API,"Chatbots, Content Creation, Code Generation"
GPT-4,Text Generation,Hard,High,9.8,Highly advanced and versatile for text tasks,Requires high computational power,OpenAI API,"Chatbots, Content Creation, Code Generation"
GPT-4,Text Generation,Hard,High,9.8,Highly advanced and versatile for text tasks,Requires high computational power,OpenAI API,"Chatbots, Content Creation, Code Generation"
GPT-4,Text Generation,Hard,High,9.8,Highly advanced and versatile for text tasks,Requires high computational power,OpenAI API,"Chatbots, Content Creation, Code Generation"
GPT-4,Text Generation,Hard,High,9.8,Highly advanced and versatile for text tasks,Requires high computational power,OpenAI API,"Chatbots, Content Creation, Code Generation"
GPT-4,Text Generation,Hard,High,9.8,Highly advanced and versatile for text tasks,Requires high computational power,OpenAI API,"Chatbots, Content Creation, Code Generation"
GPT-4,Text Generation,Hard,High,9.8,Highly advanced and versatile for text tasks,Requires high computational power,OpenAI API,"Chatbots, Content Creation, Code Generation"
GPT-4,Text Generation,Hard,High,9.8,Highly advanced and versatile for text tasks,Requires high computational power,OpenAI API,"Chatbots, Content Creation, Code Generation"
GPT-4,Text Generation,Hard,High,9.8,Highly advanced and versatile for text tasks,Requires high computational power,OpenAI API,"Chatbots, Content Creation, Code Generation"
GPT-4,Text Generation,Hard,High,9.8,Highly advanced and versatile for text tasks,Requires high computational power,OpenAI API,"Chatbots, Content Creation, Code Generation"
GPT-4,Text Generation,Hard,High,9.8,Highly advanced and versatile for text tasks,Requires high computational power,OpenAI API,"Chatbots, Content Creation, Code Generation"
GPT-4,Text Generation,Hard,High,9.8,Highly advanced and versatile for text tasks,Requires high computational power,OpenAI API,"Chatbots, Content Creation, Code Generation"
GPT-4,Text Generation,Hard,High,9.8,Highly advanced and versatile for text tasks,Requires high computational power,OpenAI API,"Chatbots, Content Creation, Code Generation"
GPT-4,Text Generation,Hard,High,9.8,Highly advanced and versatile for text tasks,Requires high computational power,OpenAI API,"Chatbots, Content Creation, Code Generation"
GPT-4,Text Generation,Hard,High,9.8,Highly advanced and versatile for text tasks,Requires high computational power,OpenAI API,"Chatbots, Content Creation, Code Generation"
GPT-4,Text Generation,Hard,High,9.8,Highly advanced and versatile for text tasks,Requires high computational power,OpenAI API,"Chatbots, Content Creation, Code Generation"
GPT-4,Text Generation,Hard,High,9.8,Highly advanced and versatile for text tasks,Requires high computational power,OpenAI API,"Chatbots, Content Creation, Code Generation"
GPT-4,Text Generation,Hard,High,9.8,Highly advanced and versatile for text tasks,Requires high computational power,OpenAI API,"Chatbots, Content Creation, Code Generation"
GPT-4,Text Generation,Hard,High,9.8,Highly advanced and versatile for text tasks,Requires high computational power,OpenAI API,"Chatbots, Content Creation, Code Generation"
GPT-4,Text Generation,Hard,High,9.8,Highly advanced and versatile for text tasks,Requires high computational power,OpenAI API,"Chatbots, Content Creation, Code Generation"
GPT-4,Text Generation,Hard,High,9.8,Highly advanced and versatile for text tasks,Requires high computational power,OpenAI API,"Chatbots, Content Creation, Code Generation"
GPT-4,Text Generation,Hard,High,9.8,Highly advanced and versatile for text tasks,Requires high computational power,OpenAI API,"Chatbots, Content Creation, Code Generation"
GPT-4,Text Generation,Hard,High,9.8,Highly advanced and versatile for text tasks,Requires high computational power,OpenAI API,"Chatbots, Content Creation, Code Generation"
GPT-4,Text Generation,Hard,High,9.8,Highly advanced and versatile for text tasks,Requires high computational power,OpenAI API,"Chatbots, Content Creation, Code Generation"
GPT-4,Text Generation,Hard,High,9.8,Highly advanced and versatile for text tasks,Requires high computational power,OpenAI API,"Chatbots, Content Creation, Code Generation"
GPT-4,Text Generation,Hard,High,9.8,Highly advanced and versatile for text tasks,Requires high computational power,OpenAI API,"Chatbots, Content Creation, Code Generation"
GPT-4,Text Generation,Hard,High,9.8,Highly advanced and versatile for text tasks,Requires high computational power,OpenAI API,"Chatbots, Content Creation, Code Generation"
GPT-4,Text Generation,Hard,High,9.8,Highly advanced and versatile for text tasks,Requires high computational power,OpenAI API,"Chatbots, Content Creation, Code Generation"
GPT-4,Text Generation,Hard,High,9.8,Highly advanced and versatile for text tasks,Requires high computational power,OpenAI API,"Chatbots, Content Creation, Code Generation"
GPT-4,Text Generation,Hard,High,9.8,Highly advanced and versatile for text tasks,Requires high computational power,OpenAI API,"Chatbots, Content Creation, Code Generation"
GPT-4,Text Generation,Hard,High,9.8,Highly advanced and versatile for text tasks,Requires high computational power,OpenAI API,"Chatbots, Content Creation, Code Generation"
GPT-4,Text Generation,Hard,High,9.8,Highly advanced and versatile for text tasks,Requires high computational power,OpenAI API,"Chatbots, Content Creation, Code Generation"
GPT-4,Text Generation,Hard,High,9.8,Highly advanced and versatile for text tasks,Requires high computational power,OpenAI API,"Chatbots, Content Creation, Code Generation"
GPT-4,Text Generation,Hard,High,9.8,Highly advanced and versatile for text tasks,Requires high computational power,OpenAI API,"Chatbots, Content Creation, Code Generation"
GPT-4,Text Generation,Hard,High,9.8,Highly advanced and versatile for text tasks,Requires high computational power,OpenAI API,"Chatbots, Content Creation, Code Generation"
GPT-4,Text Generation,Hard,High,9.8,Highly advanced and versatile for text tasks,Requires high computational power,OpenAI API,"Chatbots, Content Creation, Code Generation"
GPT-4,Text Generation,Hard,High,9.8,Highly advanced and versatile for text tasks,Requires high computational power,OpenAI API,"Chatbots, Content Creation, Code Generation"
GPT-4,Text Generation,Hard,High,9.8,Highly advanced and versatile for text tasks,Requires high computational power,OpenAI API,"Chatbots, Content Creation, Code Generation"
GPT-4,Text Generation,Hard,High,9.8,Highly advanced and versatile for text tasks,Requires high computational power,OpenAI API,"Chatbots, Content Creation, Code Generation"
GPT-4,Text Generation,Hard,High,9.8,Highly advanced and versatile for text tasks,Requires high computational power,OpenAI API,"Chatbots, Content Creation, Code Generation"
GPT-4,Text Generation,Hard,High,9.8,Highly advanced and versatile for text tasks,Requires high computational power,OpenAI API,"Chatbots, Content Creation, Code Generation"
GPT-4,Text Generation,Hard,High,9.8,Highly advanced and versatile for text tasks,Requires high computational power,OpenAI API,"Chatbots, Content Creation, Code Generation"
GPT-4,Text Generation,Hard,High,9.8,Highly advanced and versatile for text tasks,Requires high computational power,OpenAI API,"Chatbots, Content Creation, Code Generation"
GPT-4,Text Generation,Hard,High,9.8,Highly advanced and versatile for text tasks,Requires high computational power,OpenAI API,"Chatbots, Content Creation, Code Generation"
GPT-4,Text Generation,Hard,High,9.8,Highly advanced and versatile for text tasks,Requires high computational power,OpenAI API,"Chatbots, Content Creation, Code Generation"
GPT-4,Text Generation,Hard,High,9.8,Highly advanced and versatile for text tasks,Requires high computational power,OpenAI API,"Chatbots, Content Creation, Code Generation"
GPT-4,Text Generation,Hard,High,9.8,Highly advanced and versatile for text tasks,Requires high computational power,OpenAI API,"Chatbots, Content Creation, Code Generation"
GPT-4,Text Generation,Hard,High,9.8,Highly advanced and versatile for text tasks,Requires high computational power,OpenAI API,"Chatbots, Content Creation, Code Generation"
GPT-4,Text Generation,Hard,High,9.8,Highly advanced and versatile for text tasks,Requires high computational power,OpenAI API,"Chatbots, Content Creation, Code Generation"
GPT-4,Text Generation,Hard,High,9.8,Highly advanced and versatile for text tasks,Requires high computational power,OpenAI API,"Chatbots, Content Creation, Code Generation"
GPT-4,Text Generation,Hard,High,9.8,Highly advanced and versatile for text tasks,Requires high computational power,OpenAI API,"Chatbots, Content Creation, Code Generation"
GPT-4,Text Generation,Hard,High,9.8,Highly advanced and versatile for text tasks,Requires high computational power,OpenAI API,"Chatbots, Content Creation, Code Generation"
GPT-4,Text Generation,Hard,High,9.8,Highly advanced and versatile for text tasks,Requires high computational power,OpenAI API,"Chatbots, Content Creation, Code Generation"
GPT-4,Text Generation,Hard,High,9.8,Highly advanced and versatile for text tasks,Requires high computational power,OpenAI API,"Chatbots, Content Creation, Code Generation"
GPT-4,Text Generation,Hard,High,9.8,Highly advanced and versatile for text tasks,Requires high computational power,OpenAI API,"Chatbots, Content Creation, Code Generation"
